entity,dim_0,dim_1,dim_2,dim_3,dim_4,dim_5,dim_6,dim_7,dim_8,dim_9,dim_10,dim_11,dim_12,dim_13,dim_14,dim_15,dim_16,dim_17,dim_18,dim_19,dim_20,dim_21,dim_22,dim_23,dim_24,dim_25,dim_26,dim_27,dim_28,dim_29,dim_30,dim_31,dim_32,dim_33,dim_34,dim_35,dim_36,dim_37,dim_38,dim_39,dim_40,dim_41,dim_42,dim_43,dim_44,dim_45,dim_46,dim_47,dim_48,dim_49,dim_50,dim_51,dim_52,dim_53,dim_54,dim_55,dim_56,dim_57,dim_58,dim_59,dim_60,dim_61,dim_62,dim_63,dim_64,dim_65,dim_66,dim_67,dim_68,dim_69,dim_70,dim_71,dim_72,dim_73,dim_74,dim_75,dim_76,dim_77,dim_78,dim_79,dim_80,dim_81,dim_82,dim_83,dim_84,dim_85,dim_86,dim_87,dim_88,dim_89,dim_90,dim_91,dim_92,dim_93,dim_94,dim_95,dim_96,dim_97,dim_98,dim_99
定义,0.08616441,-0.07633905,0.123176426,0.06684657,-0.05693122,0.054114003,-0.024747528,-0.10561523,0.16087753,0.12170452,0.02079741,0.1276603,-0.13008982,0.0094739795,-0.09095727,0.058709286,0.052208357,-0.06491491,-0.0059689153,0.06412725,-0.064689204,0.018512955,-0.13673832,0.12104129,-0.10748098,-0.036477815,-0.07484379,-0.08792726,-0.07620305,0.04045146,0.114525795,-0.050877184,0.030783473,0.05887083,-0.1256862,0.034693345,0.030745596,0.05088129,-0.042494796,-0.05002367,-0.10698103,0.13732968,-0.059694547,0.026281396,0.024982192,-0.13837014,-0.061578345,-0.10747871,-0.045276515,-0.12037978,-0.110484704,-0.12491378,-0.103417255,-0.01635996,-0.04521311,0.030176785,-0.03470152,-0.061845943,0.08162733,0.077371486,0.035929296,0.123800285,-0.06796013,0.072942734,-0.12133232,-0.09246293,0.028102597,-0.12527066,0.085810095,-0.10224633,-0.05085694,0.110591374,0.028703561,0.063124456,0.17672625,0.0066002216,-0.058681767,-0.013349131,-0.058787502,0.010342687,0.08725676,0.08463273,0.12446978,0.11459226,-0.044727944,-0.13556549,-0.1121706,0.13483644,0.10440628,-0.06438979,0.08597994,-0.07836986,-0.025117835,0.00047980808,0.09897873,0.1230602,-0.04486196,0.12760493,0.103654206,0.055760473
